﻿<?xml version="1.0" encoding="utf-8"?>
<helpItems schema="maml" xmlns="http://msh">
  <command:command xmlns:maml="http://schemas.microsoft.com/maml/2004/10" xmlns:command="http://schemas.microsoft.com/maml/dev/command/2004/10" xmlns:dev="http://schemas.microsoft.com/maml/dev/2004/10" xmlns:MSHelp="http://msdn.microsoft.com/mshelp">
    <command:details>
      <command:name>Connect-PrismCentral</command:name>
      <command:verb>Connect</command:verb>
      <command:noun>PrismCentral</command:noun>
      <maml:description>
        <maml:para>Connects to Prism Central</maml:para>
      </maml:description>
    </command:details>
    <maml:description>
      <maml:para>Connect to Prism Central IP or Hostname. To connect multiple Prism Central, repeat this command with different IP or Hostname. To disconnect a Prism Central, use Disconnect-PrismCentral with -Server. To disconnect all, use * for -Server value. The session is valid for 15 minutes from last access to the Prism Central.</maml:para>
    </maml:description>
    <command:syntax>
      <command:syntaxItem>
        <maml:name>Connect-PrismCentral</maml:name>
        <command:parameter required="true" variableLength="true" globbing="false" pipelineInput="True (ByValue)" position="0" aliases="S">
          <maml:name>Server</maml:name>
          <maml:Description>
            <maml:para>Host name or IP address of Prism Central</maml:para>
          </maml:Description>
          <command:parameterValue required="true" variableLength="false">String</command:parameterValue>
          <dev:type>
            <maml:name>String</maml:name>
            <maml:uri />
          </dev:type>
          <dev:defaultValue>None</dev:defaultValue>
        </command:parameter>
        <command:parameter required="false" variableLength="true" globbing="false" pipelineInput="True (ByPropertyName)" position="named" aliases="A">
          <maml:name>AcceptInvalidSSLCerts</maml:name>
          <maml:Description>
            <maml:para>Whether to accept invalid SSL certificates.</maml:para>
          </maml:Description>
          <dev:type>
            <maml:name>SwitchParameter</maml:name>
            <maml:uri />
          </dev:type>
          <dev:defaultValue>False</dev:defaultValue>
        </command:parameter>
        <command:parameter required="true" variableLength="true" globbing="false" pipelineInput="False" position="named" aliases="C">
          <maml:name>Credential</maml:name>
          <maml:Description>
            <maml:para>Credential in PSCredential type.</maml:para>
          </maml:Description>
          <command:parameterValue required="true" variableLength="false">PSCredential</command:parameterValue>
          <dev:type>
            <maml:name>PSCredential</maml:name>
            <maml:uri />
          </dev:type>
          <dev:defaultValue>None</dev:defaultValue>
        </command:parameter>
        <command:parameter required="false" variableLength="true" globbing="false" pipelineInput="True (ByPropertyName)" position="named" aliases="F">
          <maml:name>ForcedConnection</maml:name>
          <maml:Description>
            <maml:para>If set then it forcefully connects by skipping the version mismatch check.</maml:para>
          </maml:Description>
          <dev:type>
            <maml:name>SwitchParameter</maml:name>
            <maml:uri />
          </dev:type>
          <dev:defaultValue>False</dev:defaultValue>
        </command:parameter>
      </command:syntaxItem>
      <command:syntaxItem>
        <maml:name>Connect-PrismCentral</maml:name>
        <command:parameter required="true" variableLength="true" globbing="false" pipelineInput="True (ByValue)" position="0" aliases="S">
          <maml:name>Server</maml:name>
          <maml:Description>
            <maml:para>Host name or IP address of Prism Central</maml:para>
          </maml:Description>
          <command:parameterValue required="true" variableLength="false">String</command:parameterValue>
          <dev:type>
            <maml:name>String</maml:name>
            <maml:uri />
          </dev:type>
          <dev:defaultValue>None</dev:defaultValue>
        </command:parameter>
        <command:parameter required="false" variableLength="true" globbing="false" pipelineInput="True (ByPropertyName)" position="named" aliases="A">
          <maml:name>AcceptInvalidSSLCerts</maml:name>
          <maml:Description>
            <maml:para>Whether to accept invalid SSL certificates.</maml:para>
          </maml:Description>
          <dev:type>
            <maml:name>SwitchParameter</maml:name>
            <maml:uri />
          </dev:type>
          <dev:defaultValue>False</dev:defaultValue>
        </command:parameter>
        <command:parameter required="false" variableLength="true" globbing="false" pipelineInput="True (ByPropertyName)" position="named" aliases="F">
          <maml:name>ForcedConnection</maml:name>
          <maml:Description>
            <maml:para>If set then it forcefully connects by skipping the version mismatch check.</maml:para>
          </maml:Description>
          <dev:type>
            <maml:name>SwitchParameter</maml:name>
            <maml:uri />
          </dev:type>
          <dev:defaultValue>False</dev:defaultValue>
        </command:parameter>
        <command:parameter required="true" variableLength="true" globbing="false" pipelineInput="True (ByPropertyName)" position="named" aliases="P">
          <maml:name>Password</maml:name>
          <maml:Description>
            <maml:para>Password for login.</maml:para>
          </maml:Description>
          <command:parameterValue required="true" variableLength="false">SecureString</command:parameterValue>
          <dev:type>
            <maml:name>SecureString</maml:name>
            <maml:uri />
          </dev:type>
          <dev:defaultValue>None</dev:defaultValue>
        </command:parameter>
        <command:parameter required="true" variableLength="true" globbing="false" pipelineInput="True (ByPropertyName)" position="named" aliases="U">
          <maml:name>UserName</maml:name>
          <maml:Description>
            <maml:para>User Name for login.</maml:para>
          </maml:Description>
          <command:parameterValue required="true" variableLength="false">String</command:parameterValue>
          <dev:type>
            <maml:name>String</maml:name>
            <maml:uri />
          </dev:type>
          <dev:defaultValue>None</dev:defaultValue>
        </command:parameter>
      </command:syntaxItem>
    </command:syntax>
    <command:parameters>
      <command:parameter required="false" variableLength="true" globbing="false" pipelineInput="True (ByPropertyName)" position="named" aliases="A">
        <maml:name>AcceptInvalidSSLCerts</maml:name>
        <maml:Description>
          <maml:para>Whether to accept invalid SSL certificates.</maml:para>
        </maml:Description>
        <command:parameterValue required="false" variableLength="false">SwitchParameter</command:parameterValue>
        <dev:type>
          <maml:name>SwitchParameter</maml:name>
          <maml:uri />
        </dev:type>
        <dev:defaultValue>False</dev:defaultValue>
      </command:parameter>
      <command:parameter required="true" variableLength="true" globbing="false" pipelineInput="False" position="named" aliases="C">
        <maml:name>Credential</maml:name>
        <maml:Description>
          <maml:para>Credential in PSCredential type.</maml:para>
        </maml:Description>
        <command:parameterValue required="true" variableLength="false">PSCredential</command:parameterValue>
        <dev:type>
          <maml:name>PSCredential</maml:name>
          <maml:uri />
        </dev:type>
        <dev:defaultValue>None</dev:defaultValue>
      </command:parameter>
      <command:parameter required="false" variableLength="true" globbing="false" pipelineInput="True (ByPropertyName)" position="named" aliases="F">
        <maml:name>ForcedConnection</maml:name>
        <maml:Description>
          <maml:para>If set then it forcefully connects by skipping the version mismatch check.</maml:para>
        </maml:Description>
        <command:parameterValue required="false" variableLength="false">SwitchParameter</command:parameterValue>
        <dev:type>
          <maml:name>SwitchParameter</maml:name>
          <maml:uri />
        </dev:type>
        <dev:defaultValue>False</dev:defaultValue>
      </command:parameter>
      <command:parameter required="true" variableLength="true" globbing="false" pipelineInput="True (ByPropertyName)" position="named" aliases="P">
        <maml:name>Password</maml:name>
        <maml:Description>
          <maml:para>Password for login.</maml:para>
        </maml:Description>
        <command:parameterValue required="true" variableLength="false">SecureString</command:parameterValue>
        <dev:type>
          <maml:name>SecureString</maml:name>
          <maml:uri />
        </dev:type>
        <dev:defaultValue>None</dev:defaultValue>
      </command:parameter>
      <command:parameter required="true" variableLength="true" globbing="false" pipelineInput="True (ByValue)" position="0" aliases="S">
        <maml:name>Server</maml:name>
        <maml:Description>
          <maml:para>Host name or IP address of Prism Central</maml:para>
        </maml:Description>
        <command:parameterValue required="true" variableLength="false">String</command:parameterValue>
        <dev:type>
          <maml:name>String</maml:name>
          <maml:uri />
        </dev:type>
        <dev:defaultValue>None</dev:defaultValue>
      </command:parameter>
      <command:parameter required="true" variableLength="true" globbing="false" pipelineInput="True (ByPropertyName)" position="named" aliases="U">
        <maml:name>UserName</maml:name>
        <maml:Description>
          <maml:para>User Name for login.</maml:para>
        </maml:Description>
        <command:parameterValue required="true" variableLength="false">String</command:parameterValue>
        <dev:type>
          <maml:name>String</maml:name>
          <maml:uri />
        </dev:type>
        <dev:defaultValue>None</dev:defaultValue>
      </command:parameter>
    </command:parameters>
    <command:inputTypes>
      <command:inputType>
        <dev:type>
          <maml:name>System.String</maml:name>
        </dev:type>
        <maml:description>
          <maml:para></maml:para>
        </maml:description>
      </command:inputType>
      <command:inputType>
        <dev:type>
          <maml:name>System.Security.SecureString</maml:name>
        </dev:type>
        <maml:description>
          <maml:para></maml:para>
        </maml:description>
      </command:inputType>
      <command:inputType>
        <dev:type>
          <maml:name>System.Management.Automation.SwitchParameter</maml:name>
        </dev:type>
        <maml:description>
          <maml:para></maml:para>
        </maml:description>
      </command:inputType>
    </command:inputTypes>
    <command:returnValues>
      <command:returnValue>
        <dev:type>
          <maml:name>System.Object</maml:name>
        </dev:type>
        <maml:description>
          <maml:para></maml:para>
        </maml:description>
      </command:returnValue>
    </command:returnValues>
    <maml:alertSet>
      <maml:alert>
        <maml:para></maml:para>
      </maml:alert>
    </maml:alertSet>
    <command:examples>
      <command:example>
        <maml:title>-------------------------- Example 1 --------------------------</maml:title>
        <dev:code>PS C:\&gt; Connect-PrismCentral -Server 10.36.240.21 -Username admin -Password $Secure -AcceptInvalidSSLCerts</dev:code>
        <dev:remarks>
          <maml:para>To Connect to Prism Central IP 10.36.240.21 as username admin and the password stored in $Secure as SecureString type and ignoore validatiion of certificate. The $Secure value can be created with ConvertTo-SecureString like following. Replace 'adminpassword' with your real admin password string</maml:para>
          <maml:para>$Secure=ConvertTo-SecureString adminpassword -AsPlainText -Force</maml:para>
        </dev:remarks>
      </command:example>
      <command:example>
        <maml:title>-------------------------- Example 2 --------------------------</maml:title>
        <dev:code>PS C:\&gt; Connect-PrismCentral -Server 10.36.240.21 -Credential $Cred -AcceptInvalidSSLCerts</dev:code>
        <dev:remarks>
          <maml:para>To Connect to Prism Central IP 10.36.240.21 with credentials. $Cred can be created as following. $Cred = New-Object System.Management.Automation.PSCredential("admin", $Secure) and the $Secure can be created as same way as Example 1.</maml:para>
        </dev:remarks>
      </command:example>
    </command:examples>
    <command:relatedLinks />
  </command:command>
  <command:command xmlns:maml="http://schemas.microsoft.com/maml/2004/10" xmlns:command="http://schemas.microsoft.com/maml/dev/command/2004/10" xmlns:dev="http://schemas.microsoft.com/maml/dev/2004/10" xmlns:MSHelp="http://msdn.microsoft.com/mshelp">
    <command:details>
      <command:name>Disconnect-PrismCentral</command:name>
      <command:verb>Disconnect</command:verb>
      <command:noun>PrismCentral</command:noun>
      <maml:description>
        <maml:para>Disconnect from one or all of prism central hosts</maml:para>
      </maml:description>
    </command:details>
    <maml:description>
      <maml:para>Disconnect from one or all of prism central hosts. use '*' as -Server parameter to disconnect all.</maml:para>
    </maml:description>
    <command:syntax>
      <command:syntaxItem>
        <maml:name>Disconnect-PrismCentral</maml:name>
        <command:parameter required="true" variableLength="true" globbing="false" pipelineInput="True (ByValue)" position="named" aliases="none">
          <maml:name>NutanixClusters</maml:name>
          <maml:Description>
            <maml:para>{{ Fill NutanixClusters Description }}</maml:para>
          </maml:Description>
          <command:parameterValue required="true" variableLength="false">NutanixCluster[]</command:parameterValue>
          <dev:type>
            <maml:name>NutanixCluster[]</maml:name>
            <maml:uri />
          </dev:type>
          <dev:defaultValue>None</dev:defaultValue>
        </command:parameter>
      </command:syntaxItem>
      <command:syntaxItem>
        <maml:name>Disconnect-PrismCentral</maml:name>
        <command:parameter required="true" variableLength="true" globbing="false" pipelineInput="True (ByPropertyName)" position="0" aliases="S">
          <maml:name>Servers</maml:name>
          <maml:Description>
            <maml:para>Name or IP address of Prism Central</maml:para>
          </maml:Description>
          <command:parameterValue required="true" variableLength="false">String[]</command:parameterValue>
          <dev:type>
            <maml:name>String[]</maml:name>
            <maml:uri />
          </dev:type>
          <dev:defaultValue>None</dev:defaultValue>
        </command:parameter>
      </command:syntaxItem>
    </command:syntax>
    <command:parameters>
      <command:parameter required="true" variableLength="true" globbing="false" pipelineInput="True (ByValue)" position="named" aliases="none">
        <maml:name>NutanixClusters</maml:name>
        <maml:Description>
          <maml:para>{{ Fill NutanixClusters Description }}</maml:para>
        </maml:Description>
        <command:parameterValue required="true" variableLength="false">NutanixCluster[]</command:parameterValue>
        <dev:type>
          <maml:name>NutanixCluster[]</maml:name>
          <maml:uri />
        </dev:type>
        <dev:defaultValue>None</dev:defaultValue>
      </command:parameter>
      <command:parameter required="true" variableLength="true" globbing="false" pipelineInput="True (ByPropertyName)" position="0" aliases="S">
        <maml:name>Servers</maml:name>
        <maml:Description>
          <maml:para>Name or IP address of Prism Central</maml:para>
        </maml:Description>
        <command:parameterValue required="true" variableLength="false">String[]</command:parameterValue>
        <dev:type>
          <maml:name>String[]</maml:name>
          <maml:uri />
        </dev:type>
        <dev:defaultValue>None</dev:defaultValue>
      </command:parameter>
    </command:parameters>
    <command:inputTypes>
      <command:inputType>
        <dev:type>
          <maml:name>System.String[]</maml:name>
        </dev:type>
        <maml:description>
          <maml:para></maml:para>
        </maml:description>
      </command:inputType>
      <command:inputType>
        <dev:type>
          <maml:name>Nutanix.Prism.Common.NutanixCluster[]</maml:name>
        </dev:type>
        <maml:description>
          <maml:para></maml:para>
        </maml:description>
      </command:inputType>
    </command:inputTypes>
    <command:returnValues>
      <command:returnValue>
        <dev:type>
          <maml:name>System.Object</maml:name>
        </dev:type>
        <maml:description>
          <maml:para></maml:para>
        </maml:description>
      </command:returnValue>
    </command:returnValues>
    <maml:alertSet>
      <maml:alert>
        <maml:para></maml:para>
      </maml:alert>
    </maml:alertSet>
    <command:examples>
      <command:example>
        <maml:title>-------------------------- Example 1 --------------------------</maml:title>
        <dev:code>PS C:\&gt; Disconnect-PrismCentral -Servers 10.46.28.31</dev:code>
        <dev:remarks>
          <maml:para>Disconnects from Prism Central host 10.46.28.31</maml:para>
        </dev:remarks>
      </command:example>
      <command:example>
        <maml:title>-------------------------- Example 2 --------------------------</maml:title>
        <dev:code>PS C:\&gt; Disconnect-PrismCentral -Servers *</dev:code>
        <dev:remarks>
          <maml:para>Disconnects from all Prism Central hosts</maml:para>
        </dev:remarks>
      </command:example>
    </command:examples>
    <command:relatedLinks />
  </command:command>
</helpItems>